{
    "scaler": {
        "count": 91917,
        "mean": [
            0.032141033578536315,
            0.032130984539605015,
            0.0018802345742214618,
            0.001899471593383803,
            0.537945000142226,
            0.8035707583692085,
            0.02043443088737,
            0.09333020113342876,
            0.015232223924267908,
            0.5212328510696672,
            0.3242395503565478,
            0.020758552561478495,
            -0.020360978079043048,
            2.9357898974074454,
            0.016154266144320906
        ],
        "M2": [
            2855.9945119543218,
            2854.8337709711595,
            0.01992376708101982,
            0.013832300517539238,
            962.5301564020241,
            295.6793110563589,
            3.5853877873063564,
            707.243434777224,
            1.4260248636302653,
            1451.4850304070123,
            9038.662995807896,
            138.34318991052024,
            16.713165598445944,
            11425.031974498737,
            112.68602546324078
        ]
    },
    "risk_manager": {
        "condition": "GREEN",
        "ticks_in_recovery": 0,
        "kl_ema": 0.027253497772593553
    }
}