{
  "macro": false,
  "blackout": false,
  "sgd_w": 0.0,
  "n_features": 8,
  "top5_features": [
    [
      "r5",
      0.15184489664598136
    ],
    [
      "r1",
      0.14436153792796613
    ],
    [
      "rsi14",
      0.14059079542556613
    ],
    [
      "vol_ratio",
      0.13144313622596784
    ],
    [
      "vol20",
      0.12483694750930549
    ]
  ],
  "train_samples": 5796
}