{
  "test_accuracy": {
    "AAPL": 0.5969387755102041,
    "AMZN": 0.3979591836734694,
    "GLD": 0.4307692307692308,
    "GOOGL": 0.41836734693877553,
    "IWM": 0.4846938775510204,
    "MSFT": 0.6020408163265306,
    "NVDA": 0.4717948717948718,
    "QQQ": 0.4564102564102564,
    "SPY": 0.4717948717948718,
    "TLT": 0.6
  },
  "training_metadata": {
    "source": "extracted from existing .pt files"
  }
}