{
  "timestamp": "2026-04-05T18:46:51.605362",
  "n_breaking_points_found": 0,
  "worst_case_max_dd": 0.027437925338745117,
  "recommended_hedge_ratio": 0.1
}